timestamp,open,high,low,close,volume
2025-01-06T09:20:00+05:30,24000.0,24008.0,23996.0,24003.0,100000
2025-01-06T09:25:00+05:30,24002.0,24010.0,23998.0,24005.0,100100
2025-01-06T09:30:00+05:30,24004.0,24012.0,24000.0,24007.0,100200
2025-01-06T09:35:00+05:30,24006.0,24014.0,24002.0,24009.0,100300
2025-01-06T09:40:00+05:30,24008.0,24016.0,24004.0,24011.0,100400
2025-01-06T09:45:00+05:30,24010.0,24018.0,24006.0,24013.0,100500
2025-01-06T09:50:00+05:30,24012.0,24020.0,24008.0,24015.0,100600
2025-01-06T09:55:00+05:30,24014.0,24022.0,24010.0,24017.0,100700
2025-01-06T10:00:00+05:30,24016.0,24024.0,24012.0,24019.0,100800
2025-01-06T10:05:00+05:30,24018.0,24026.0,24014.0,24021.0,100900
2025-01-06T10:10:00+05:30,24020.0,24028.0,24016.0,24023.0,101000
2025-01-06T10:15:00+05:30,24022.0,24030.0,24018.0,24025.0,101100
2025-01-06T10:20:00+05:30,24024.0,24032.0,24020.0,24027.0,101200
2025-01-06T10:25:00+05:30,24026.0,24034.0,24022.0,24029.0,101300
2025-01-06T10:30:00+05:30,24028.0,24036.0,24024.0,24031.0,101400
2025-01-06T10:35:00+05:30,24030.0,24038.0,24026.0,24033.0,101500
2025-01-06T10:40:00+05:30,24032.0,24040.0,24028.0,24035.0,101600
2025-01-06T10:45:00+05:30,24034.0,24042.0,24030.0,24037.0,101700
2025-01-06T10:50:00+05:30,24036.0,24044.0,24032.0,24039.0,101800
2025-01-06T10:55:00+05:30,24038.0,24046.0,24034.0,24041.0,101900
2025-01-06T11:00:00+05:30,24040.0,24048.0,24036.0,24043.0,102000
2025-01-06T11:05:00+05:30,24042.0,24050.0,24038.0,24045.0,102100
2025-01-06T11:10:00+05:30,24044.0,24052.0,24040.0,24047.0,102200
2025-01-06T11:15:00+05:30,24046.0,24054.0,24042.0,24049.0,102300
2025-01-06T11:20:00+05:30,24048.0,24056.0,24044.0,24051.0,102400
2025-01-06T11:25:00+05:30,24050.0,24058.0,24046.0,24053.0,102500
2025-01-06T11:30:00+05:30,24052.0,24060.0,24048.0,24055.0,102600
2025-01-06T11:35:00+05:30,24054.0,24062.0,24050.0,24057.0,102700
2025-01-06T11:40:00+05:30,24056.0,24064.0,24052.0,24059.0,102800
2025-01-06T11:45:00+05:30,24058.0,24066.0,24054.0,24061.0,102900
2025-01-06T11:50:00+05:30,24060.0,24068.0,24056.0,24063.0,103000
2025-01-06T11:55:00+05:30,24062.0,24070.0,24058.0,24065.0,103100
2025-01-06T12:00:00+05:30,24064.0,24072.0,24060.0,24067.0,103200
2025-01-06T12:05:00+05:30,24066.0,24074.0,24062.0,24069.0,103300
2025-01-06T12:10:00+05:30,24068.0,24076.0,24064.0,24071.0,103400
2025-01-06T12:15:00+05:30,24070.0,24078.0,24066.0,24073.0,103500
2025-01-06T12:20:00+05:30,24072.0,24080.0,24068.0,24075.0,103600
2025-01-06T12:25:00+05:30,24074.0,24082.0,24070.0,24077.0,103700
2025-01-06T12:30:00+05:30,24076.0,24084.0,24072.0,24079.0,103800
2025-01-06T12:35:00+05:30,24078.0,24086.0,24074.0,24081.0,103900
2025-01-06T12:40:00+05:30,24080.0,24088.0,24076.0,24083.0,104000
2025-01-06T12:45:00+05:30,24082.0,24090.0,24078.0,24085.0,104100
2025-01-06T12:50:00+05:30,24084.0,24092.0,24080.0,24087.0,104200
2025-01-06T12:55:00+05:30,24086.0,24094.0,24082.0,24089.0,104300
2025-01-06T13:00:00+05:30,24088.0,24096.0,24084.0,24091.0,104400
2025-01-06T13:05:00+05:30,24090.0,24098.0,24086.0,24093.0,104500
2025-01-06T13:10:00+05:30,24092.0,24100.0,24088.0,24095.0,104600
2025-01-06T13:15:00+05:30,24094.0,24102.0,24090.0,24097.0,104700
2025-01-06T13:20:00+05:30,24096.0,24104.0,24092.0,24099.0,104800
2025-01-06T13:25:00+05:30,24098.0,24106.0,24094.0,24101.0,104900
2025-01-06T13:30:00+05:30,24100.0,24108.0,24096.0,24103.0,105000
2025-01-06T13:35:00+05:30,24102.0,24110.0,24098.0,24105.0,105100
2025-01-06T13:40:00+05:30,24104.0,24112.0,24100.0,24107.0,105200
2025-01-06T13:45:00+05:30,24106.0,24114.0,24102.0,24109.0,105300
2025-01-06T13:50:00+05:30,24108.0,24116.0,24104.0,24111.0,105400
2025-01-06T13:55:00+05:30,24110.0,24118.0,24106.0,24113.0,105500
2025-01-06T14:00:00+05:30,24112.0,24120.0,24108.0,24115.0,105600
2025-01-06T14:05:00+05:30,24114.0,24122.0,24110.0,24117.0,105700
2025-01-06T14:10:00+05:30,24116.0,24124.0,24112.0,24119.0,105800
2025-01-06T14:15:00+05:30,24118.0,24126.0,24114.0,24121.0,105900
2025-01-06T14:20:00+05:30,24120.0,24128.0,24116.0,24123.0,106000
2025-01-06T14:25:00+05:30,24122.0,24130.0,24118.0,24125.0,106100
2025-01-06T14:30:00+05:30,24124.0,24132.0,24120.0,24127.0,106200
2025-01-06T14:35:00+05:30,24126.0,24134.0,24122.0,24129.0,106300
2025-01-06T14:40:00+05:30,24128.0,24136.0,24124.0,24131.0,106400
2025-01-06T14:45:00+05:30,24130.0,24138.0,24126.0,24133.0,106500
2025-01-06T14:50:00+05:30,24132.0,24140.0,24128.0,24135.0,106600
2025-01-06T14:55:00+05:30,24134.0,24142.0,24130.0,24137.0,106700
2025-01-06T15:00:00+05:30,24136.0,24144.0,24132.0,24139.0,106800
2025-01-06T15:05:00+05:30,24138.0,24146.0,24134.0,24141.0,106900
2025-01-06T15:10:00+05:30,24140.0,24148.0,24136.0,24143.0,107000
2025-01-06T15:15:00+05:30,24142.0,24150.0,24138.0,24145.0,107100
2025-01-06T15:20:00+05:30,24144.0,24152.0,24140.0,24147.0,107200
2025-01-06T15:25:00+05:30,24146.0,24154.0,24142.0,24149.0,107300
2025-01-06T15:30:00+05:30,24148.0,24156.0,24144.0,24151.0,107400
2025-01-09T09:20:00+05:30,24200,24240,24190,24210,120000
2025-01-09T09:25:00+05:30,24200,24240,24190,24208,120000
2025-01-09T09:30:00+05:30,24200,24240,24190,24206,120000
2025-01-09T09:35:00+05:30,24191,24195,24184,24189,120000
2025-01-09T09:40:00+05:30,24188,24192,24181,24186,120000
2025-01-09T09:45:00+05:30,24185,24190,24170,24175,120000
2025-01-09T09:50:00+05:30,24182,24186,24175,24180,120000
2025-01-09T09:55:00+05:30,24179,24183,24172,24177,120000
2025-01-09T10:00:00+05:30,24176,24180,24169,24174,120000
2025-01-09T10:05:00+05:30,24173,24177,24166,24171,120000
2025-01-09T10:10:00+05:30,24170,24174,24163,24168,120000
2025-01-09T10:15:00+05:30,24167,24171,24160,24165,120000
2025-01-09T10:20:00+05:30,24164,24168,24157,24162,120000
2025-01-09T10:25:00+05:30,24161,24165,24154,24159,120000
2025-01-09T10:30:00+05:30,24158,24162,24151,24156,120000
2025-01-09T10:35:00+05:30,24155,24159,24148,24153,120000
2025-01-09T10:40:00+05:30,24152,24156,24145,24150,120000
2025-01-09T10:45:00+05:30,24149,24153,24142,24147,120000
2025-01-09T10:50:00+05:30,24146,24150,24139,24144,120000
2025-01-09T10:55:00+05:30,24143,24147,24136,24141,120000
2025-01-09T11:00:00+05:30,24140,24144,24133,24138,120000
2025-01-09T11:05:00+05:30,24137,24141,24130,24135,120000
2025-01-09T11:10:00+05:30,24134,24138,24127,24132,120000
2025-01-09T11:15:00+05:30,24131,24135,24124,24129,120000
2025-01-09T11:20:00+05:30,24128,24132,24121,24126,120000
2025-01-09T11:25:00+05:30,24125,24129,24118,24123,120000
2025-01-09T11:30:00+05:30,24122,24126,24115,24120,120000
2025-01-09T11:35:00+05:30,24119,24123,24112,24117,120000
2025-01-09T11:40:00+05:30,24116,24120,24109,24114,120000
2025-01-09T11:45:00+05:30,24113,24117,24106,24111,120000
2025-01-09T11:50:00+05:30,24110,24114,24103,24108,120000
2025-01-09T11:55:00+05:30,24107,24111,24100,24105,120000
2025-01-09T12:00:00+05:30,24104,24108,24097,24102,120000
2025-01-09T12:05:00+05:30,24101,24105,24094,24099,120000
2025-01-09T12:10:00+05:30,24098,24102,24091,24096,120000
2025-01-09T12:15:00+05:30,24095,24099,24088,24093,120000
2025-01-09T12:20:00+05:30,24092,24096,24085,24090,120000
2025-01-09T12:25:00+05:30,24089,24093,24082,24087,120000
2025-01-09T12:30:00+05:30,24086,24090,24079,24084,120000
2025-01-09T12:35:00+05:30,24083,24087,24076,24081,120000
2025-01-09T12:40:00+05:30,24080,24084,24073,24078,120000
2025-01-09T12:45:00+05:30,24077,24081,24070,24075,120000
2025-01-09T12:50:00+05:30,24074,24078,24067,24072,120000
2025-01-09T12:55:00+05:30,24071,24075,24064,24069,120000
2025-01-09T13:00:00+05:30,24068,24072,24061,24066,120000
2025-01-09T13:05:00+05:30,24065,24069,24058,24063,120000
2025-01-09T13:10:00+05:30,24062,24066,24055,24060,120000
2025-01-09T13:15:00+05:30,24059,24063,24052,24057,120000
2025-01-09T13:20:00+05:30,24056,24060,24049,24054,120000
2025-01-09T13:25:00+05:30,24053,24057,24046,24051,120000
2025-01-09T13:30:00+05:30,24050,24054,24043,24048,120000
2025-01-09T13:35:00+05:30,24047,24051,24040,24045,120000
2025-01-09T13:40:00+05:30,24044,24048,24037,24042,120000
2025-01-09T13:45:00+05:30,24041,24045,24034,24039,120000
2025-01-09T13:50:00+05:30,24038,24042,24031,24036,120000
2025-01-09T13:55:00+05:30,24035,24039,24028,24033,120000
2025-01-09T14:00:00+05:30,24032,24036,24025,24030,120000
2025-01-09T14:05:00+05:30,24029,24033,24022,24027,120000
2025-01-09T14:10:00+05:30,24026,24030,24019,24024,120000
2025-01-09T14:15:00+05:30,24023,24027,24016,24021,120000
2025-01-09T14:20:00+05:30,24020,24024,24013,24018,120000
2025-01-09T14:25:00+05:30,24017,24021,24010,24015,120000
2025-01-09T14:30:00+05:30,24014,24018,24007,24012,120000
2025-01-09T14:35:00+05:30,24011,24015,24004,24009,120000
2025-01-09T14:40:00+05:30,24008,24012,24001,24006,120000
2025-01-09T14:45:00+05:30,24005,24009,23998,24003,120000
2025-01-09T14:50:00+05:30,24002,24006,23995,24000,120000
2025-01-09T14:55:00+05:30,23999,24003,23992,23997,120000
2025-01-09T15:00:00+05:30,23996,24000,23989,23994,120000
2025-01-09T15:05:00+05:30,23993,23997,23986,23991,120000
2025-01-09T15:10:00+05:30,23990,23994,23983,23988,120000
2025-01-09T15:15:00+05:30,23987,23991,23980,23985,120000
2025-01-09T15:20:00+05:30,23984,23988,23977,23982,120000
2025-01-09T15:25:00+05:30,23981,23985,23974,23979,120000
2025-01-09T15:30:00+05:30,23978,23982,23971,23976,120000
